UserID,let,hour,Strain,intercept,Bgd,FociPerGy
208CC,Ar 350 MeV/n,4,CC002,0.950197505,1.47,5.682952183
220CC,Ar 350 MeV/n,4,CC037,0.567984667,0.74,5.884810291
226CC,Ar 350 MeV/n,4,CC013,0.614540021,0.8,4.544308732
233CC,Ar 350 MeV/n,4,CC032,1.310448935,1.59,6.072927495
235CC,Ar 350 MeV/n,4,CC013,0.565504158,0.85,3.736746362
236CC,Ar 350 MeV/n,4,CC013,0.448206861,0.49,4.371881497
239CC,Ar 350 MeV/n,4,CC037,0.894535473,1.07,4.945523649
247CC,Ar 350 MeV/n,4,CC002,0.820076014,2.01,7.472550676
251CC,Ar 350 MeV/n,4,CC011,0.887968425,1.59,7.049863565
253CC,Ar 350 MeV/n,4,CC013,0.538995582,0.89,4.271894491
254CC,Ar 350 MeV/n,4,CC011,0.76366749,1.05,5.305970634
255CC,Ar 350 MeV/n,4,CC061,0.754596544,1.01,6.664923337
256CC,Ar 350 MeV/n,4,CC061,0.635514553,1.23,5.266112266
257CC,Ar 350 MeV/n,4,CC061,0.793336798,1.43,4.676455301
258CC,Ar 350 MeV/n,4,CC040,0.645625,0.38,2.84375
260CC,Ar 350 MeV/n,4,CC061,0.826797687,1.14,4.601903586
261CC,Ar 350 MeV/n,4,CC042,0.388077573,0.53,4.045705561
263CC,Ar 350 MeV/n,4,CC037,0.653588877,1.09,3.919828482
280CC,Ar 350 MeV/n,4,CC051,0.31414566,0.23,4.281802235
882CC,Ar 350 MeV/n,4,CC037,0.832629938,1.19,4.679573805
893CC,Ar 350 MeV/n,4,CC061,1.230161123,2.19,5.142671518
894CC,Ar 350 MeV/n,4,CC037,0.907657225,1.98,4.772284304
903CC,Ar 350 MeV/n,4,CC032,3.288239995,4.42,9.770172817
906CC,Ar 350 MeV/n,4,CC032,1.484013124,1.77,6.188636954
907CC,Ar 350 MeV/n,4,CC002,0.734345764,1.25,6.003345894
915CC,Ar 350 MeV/n,4,CC042,0.782548077,0.97,5.151442308
919CC,Ar 350 MeV/n,4,CC019,0.595054574,0.68,2.935420998
921CC,Ar 350 MeV/n,4,CC051,0.927201793,1.95,4.665378119
922CC,Ar 350 MeV/n,4,CC051,0.815634096,1.48,4.166320166
923CC,Ar 350 MeV/n,4,CC051,0.760862786,1.31,5.499870062
925CC,Ar 350 MeV/n,4,CC019,0.413701273,0.63,4.182659823
927CC,Ar 350 MeV/n,4,CC019,0.234636175,0.44,4.112818347
928CC,Ar 350 MeV/n,4,CC019,0.616921128,0.76,3.997498701
934CC,Ar 350 MeV/n,4,CC011,1.950533394,2.56,5.889650468
937CC,Ar 350 MeV/n,4,CC011,0.83533394,1.41,6.646504678
938CC,Ar 350 MeV/n,4,CC011,1.061378638,1.27,5.035278067
942CC,Ar 350 MeV/n,4,CC013,0.681611876,1.19,5.030113046
946CC,Ar 350 MeV/n,4,CC037,0.966964657,2.14,5.612655925
951CC,Ar 350 MeV/n,4,CC040,0.486073935,0.57,4.416677495
954CC,Ar 350 MeV/n,4,CC040,0.265825104,0.29,3.940293659
B6C3F1,Ar 350 MeV/n,4,B6C3,0.660223493,1.01,4.193866944
B6C3F2,Ar 350 MeV/n,4,B6C3,0.748987786,0.82,4.156120062
B6C3F3,Ar 350 MeV/n,4,B6C3,0.497172557,1.16,6.137474012
B6C3M1,Ar 350 MeV/n,4,B6C3,0.495051325,0.91,5.168431653
B6C3M2,Ar 350 MeV/n,4,B6C3,0.791960109,0.81,3.826370842
B6C3M3,Ar 350 MeV/n,4,B6C3,0.512512994,0.87,4.94295738
BALBCF,Ar 350 MeV/n,4,BALBC,0.245519751,0.59,5.640170218
BALBCF1,Ar 350 MeV/n,4,BALBC,0.512234927,0.93,5.688669439
BALBCF2,Ar 350 MeV/n,4,BALBC,0.655577573,1.05,5.045705561
BALBCM1,Ar 350 MeV/n,4,BALBC,0.351663202,0.7,5.917294699
BALBCM2,Ar 350 MeV/n,4,BALBC,0.663260135,0.68,5.225506757
BALBCM3,Ar 350 MeV/n,4,BALBC,0.374130717,0.42,5.278651247
C3HF1,Ar 350 MeV/n,4,C3H,0.566268191,0.85,5.707640333
C3HF2,Ar 350 MeV/n,4,C3H,0.595255327,0.83,4.635362526
C3HF3,Ar 350 MeV/n,4,C3H,0.318918919,0.96,6.570945946
C3HM1,Ar 350 MeV/n,4,C3H,0.522733888,1.03,4.816982848
C3HM2,Ar 350 MeV/n,4,C3H,0.516482588,0.92,4.82893711
C57BLF1,Ar 350 MeV/n,4,C57,0.669987656,1.15,6.535440489
C57BLF2,Ar 350 MeV/n,4,C57,0.506722323,0.62,4.10775078
C57BLF3,Ar 350 MeV/n,4,C57,0.71754158,1.32,4.367463617
C57BLM1,Ar 350 MeV/n,4,C57,0.904710239,1.48,4.759550416
C57BLM2,Ar 350 MeV/n,4,C57,0.485800416,1.18,4.151799636
C57BLM3,Ar 350 MeV/n,4,C57,0.732549376,1.1,4.358238046
CBAF1,Ar 350 MeV/n,4,CBA,0.52562435,0.54,5.615352131
CBAF2,Ar 350 MeV/n,4,CBA,0.406109667,0.33,4.978560291
CBAF3,Ar 350 MeV/n,4,CBA,0.53139618,0.54,5.07702053
CBAM1,Ar 350 MeV/n,4,CBA,0.860002599,1.57,7.288591476
CBAM2,Ar 350 MeV/n,4,CBA,0.84076988,1.07,5.276474792
CBAM3,Ar 350 MeV/n,4,CBA,0.807531185,1.23,5.338097713
C3HM3,Ar 350 MeV/n,4,C3H,0.40927105,0.64,5.112590956
202CC,Ar 350 MeV/n,4,CC002,1.103768191,1.85,5.457640333
213CC,Ar 350 MeV/n,4,CC013,0.458399168,0.82,4.727650728
208CC,Ar 350 MeV/n,8,CC002,1.051796388,1.04,1.895107848
220CC,Ar 350 MeV/n,8,CC037,0.909313929,0.59,2.061850312
226CC,Ar 350 MeV/n,8,CC013,0.980455431,1.21,1.481906185
233CC,Ar 350 MeV/n,8,CC032,1.305939449,1.33,2.388318607
235CC,Ar 350 MeV/n,8,CC013,0.845434641,0.69,1.298174376
236CC,Ar 350 MeV/n,8,CC013,1.053056133,1,1.258575884
239CC,Ar 350 MeV/n,8,CC037,1.089984407,0.88,1.518451143
247CC,Ar 350 MeV/n,8,CC002,1.513102911,1.58,0.703222453
251CC,Ar 350 MeV/n,8,CC011,1.655122141,1.49,1.563799376
253CC,Ar 350 MeV/n,8,CC013,1.020972583,0.99,0.536609927
254CC,Ar 350 MeV/n,8,CC011,1.171476741,1.03,1.898356289
255CC,Ar 350 MeV/n,8,CC061,1.40097973,1.74,2.048986486
256CC,Ar 350 MeV/n,8,CC061,1.185727001,1.19,1.577215437
257CC,Ar 350 MeV/n,8,CC061,0.911007017,1.18,1.516696985
258CC,Ar 350 MeV/n,8,CC040,0.305814709,0.45,1.910927755
260CC,Ar 350 MeV/n,8,CC061,1.052468165,0.85,1.558504418
261CC,Ar 350 MeV/n,8,CC042,0.848816268,0.68,1.48408264
263CC,Ar 350 MeV/n,8,CC037,0.855656835,0.96,0.910245582
280CC,Ar 350 MeV/n,8,CC051,0.389225572,0.26,1.749740125
882CC,Ar 350 MeV/n,8,CC037,1.004449064,1.04,1.443607069
893CC,Ar 350 MeV/n,8,CC061,1.229191788,1.26,1.498050936
894CC,Ar 350 MeV/n,8,CC037,1.059180094,1,1.261889293
903CC,Ar 350 MeV/n,8,CC032,2.945921907,3.41,4.971576143
906CC,Ar 350 MeV/n,8,CC032,1.865908914,1.41,2.028618763
907CC,Ar 350 MeV/n,8,CC002,1.281977001,1.2,2.139715437
915CC,Ar 350 MeV/n,8,CC042,1.024372401,1.17,1.492658524
919CC,Ar 350 MeV/n,8,CC019,0.637150468,0.7,1.496946466
921CC,Ar 350 MeV/n,8,CC051,1.211622271,1.48,1.80947895
922CC,Ar 350 MeV/n,8,CC051,1.370691268,1.45,1.01533264
923CC,Ar 350 MeV/n,8,CC051,1.547604167,1.9,0.828125
925CC,Ar 350 MeV/n,8,CC019,0.772514943,0.8,1.628150988
927CC,Ar 350 MeV/n,8,CC019,0.467220634,0.53,1.78891632
928CC,Ar 350 MeV/n,8,CC019,1.005034433,0.83,0.605087058
934CC,Ar 350 MeV/n,8,CC011,1.918656445,2.54,2.423206861
937CC,Ar 350 MeV/n,8,CC011,1.383102911,1.51,2.078222453
938CC,Ar 350 MeV/n,8,CC011,1.20829197,1.51,1.792002339
942CC,Ar 350 MeV/n,8,CC013,1.273801975,1.21,0.959329522
946CC,Ar 350 MeV/n,8,CC037,1.47174961,1.44,1.075461279
951CC,Ar 350 MeV/n,8,CC040,0.463242594,0.41,1.933764293
954CC,Ar 350 MeV/n,8,CC040,0.323669439,0.23,1.866164241
B6C3F1,Ar 350 MeV/n,8,B6C3,1.123185421,0.8,0.959751819
B6C3F2,Ar 350 MeV/n,8,B6C3,0.732279756,0.83,1.823122401
B6C3F3,Ar 350 MeV/n,8,B6C3,0.802725442,0.93,2.379060551
B6C3M1,Ar 350 MeV/n,8,B6C3,0.755215047,0.93,1.974694647
B6C3M2,Ar 350 MeV/n,8,B6C3,0.86558277,0.79,1.997888514
B6C3M3,Ar 350 MeV/n,8,B6C3,0.843476481,0.71,2.031997141
BALBCF,Ar 350 MeV/n,8,BALBC,0.912381107,0.33,1.953189969
BALBCF1,Ar 350 MeV/n,8,BALBC,0.875248831,0.86,2.101383836
BALBCF2,Ar 350 MeV/n,8,BALBC,0.673362136,0.81,2.458972193
BALBCM1,Ar 350 MeV/n,8,BALBC,0.797461019,0.7,1.796127859
BALBCM2,Ar 350 MeV/n,8,BALBC,0.832151117,1.13,2.600344335
BALBCM3,Ar 350 MeV/n,8,BALBC,0.55520855,0.44,2.940715956
C3HF1,Ar 350 MeV/n,8,C3H,0.909464007,1.03,2.321758056
C3HF2,Ar 350 MeV/n,8,C3H,0.683747401,0.68,2.148908524
C3HF3,Ar 350 MeV/n,8,C3H,1.461831471,0.58,0.728592775
C3HM1,Ar 350 MeV/n,8,C3H,1.028536253,1.1,1.794601091
C3HM2,Ar 350 MeV/n,8,C3H,0.709959719,0.7,1.964332121
C57BLF1,Ar 350 MeV/n,8,C57,1.461556653,1.39,2.116294179
C57BLF2,Ar 350 MeV/n,8,C57,0.258669439,0.52,3.006789241
C57BLF3,Ar 350 MeV/n,8,C57,0.693902677,1.01,2.11099922
C57BLM1,Ar 350 MeV/n,8,C57,1.054438669,0.92,0.664241164
C57BLM2,Ar 350 MeV/n,8,C57,0.8096875,1.21,1.390625
C57BLM3,Ar 350 MeV/n,8,C57,1.068892931,0.74,1.435031185
CBAF1,Ar 350 MeV/n,8,CBA,0.638073675,0.64,2.675318347
CBAF2,Ar 350 MeV/n,8,CBA,0.388789631,0.36,2.36977001
CBAF3,Ar 350 MeV/n,8,CBA,0.310652937,0.38,3.289858368
CBAM1,Ar 350 MeV/n,8,CBA,1.523010655,1.6,1.145725052
CBAM2,Ar 350 MeV/n,8,CBA,0.970410603,1.13,1.347453222
CBAM3,Ar 350 MeV/n,8,CBA,1.394935031,0.97,1.535213098
C3HM3,Ar 350 MeV/n,8,C3H,0.670422297,0.64,1.708614865
202CC,Ar 350 MeV/n,8,CC002,1.547004288,1.26,0.857425936
213CC,Ar 350 MeV/n,8,CC013,0.752826793,0.76,1.634128119
208CC,Ar 350 MeV/n,24,CC002,0.458035343,0.435,1.199844075
220CC,Ar 350 MeV/n,24,CC037,0.573232848,0.565,0.882796258
226CC,Ar 350 MeV/n,24,CC013,0.542072072,0.59,0.39527027
233CC,Ar 350 MeV/n,24,CC032,0.685675676,0.81,1.158783784
235CC,Ar 350 MeV/n,24,CC013,0.391891892,0.42,0.844594595
236CC,Ar 350 MeV/n,24,CC013,0.345717256,0.41,0.776247401
239CC,Ar 350 MeV/n,24,CC037,0.53964657,0.61,1.251559252
247CC,Ar 350 MeV/n,24,CC002,0.657713098,0.72,0.91450104
251CC,Ar 350 MeV/n,24,CC011,0.580717256,0.605,0.901247401
253CC,Ar 350 MeV/n,24,CC013,0.421424116,0.465,0.898128898
254CC,Ar 350 MeV/n,24,CC011,0.574282744,0.63,1.098752599
255CC,Ar 350 MeV/n,24,CC061,0.595280665,0.61,0.792879418
256CC,Ar 350 MeV/n,24,CC061,0.525790021,0.625,0.606808732
257CC,Ar 350 MeV/n,24,CC061,0.444760915,0.45,0.8245842
258CC,Ar 350 MeV/n,24,CC040,0.146985447,0.22,0.983887734
260CC,Ar 350 MeV/n,24,CC061,0.323118503,0.34,0.93477131
261CC,Ar 350 MeV/n,24,CC042,0.395488565,0.47,0.505197505
263CC,Ar 350 MeV/n,24,CC037,0.411143451,0.44,1.10524948
280CC,Ar 350 MeV/n,24,CC051,0.286985447,0.32,0.858887734
882CC,Ar 350 MeV/n,24,CC037,0.577151767,0.57,0.703742204
893CC,Ar 350 MeV/n,24,CC061,0.655225225,0.705,0.219594595
894CC,Ar 350 MeV/n,24,CC037,0.608367983,0.585,0.639553015
903CC,Ar 350 MeV/n,24,CC032,1.46518018,1.625,0.425675676
906CC,Ar 350 MeV/n,24,CC032,0.804864865,0.86,0.868243243
907CC,Ar 350 MeV/n,24,CC002,0.939085239,0.82,0.415800416
915CC,Ar 350 MeV/n,24,CC042,0.521871102,0.58,0.910862786
919CC,Ar 350 MeV/n,24,CC019,0.421933472,0.43,0.587058212
921CC,Ar 350 MeV/n,24,CC051,0.673711019,0.695,0.358627859
922CC,Ar 350 MeV/n,24,CC051,0.706153846,0.74,0.259615385
923CC,Ar 350 MeV/n,24,CC051,1.003014553,1.145,0.016112266
925CC,Ar 350 MeV/n,24,CC019,0.497681913,0.545,0.451403326
927CC,Ar 350 MeV/n,24,CC019,0.189220374,0.215,0.922557173
928CC,Ar 350 MeV/n,24,CC019,0.474241164,0.51,0.231288981
934CC,Ar 350 MeV/n,24,CC011,1.382124047,1.365,0.167099792
937CC,Ar 350 MeV/n,24,CC011,0.594844075,0.64,0.559511435
938CC,Ar 350 MeV/n,24,CC011,0.486153846,0.52,0.759615385
942CC,Ar 350 MeV/n,24,CC013,0.516819127,0.59,0.764033264
946CC,Ar 350 MeV/n,24,CC037,0.625790021,0.645,0.856808732
951CC,Ar 350 MeV/n,24,CC040,0.353918919,0.395,0.945945946
954CC,Ar 350 MeV/n,24,CC040,0.248773389,0.26,0.909823285
B6C3F1,Ar 350 MeV/n,24,B6C3,0.261829522,0.26,0.668399168
B6C3F2,Ar 350 MeV/n,24,B6C3,0.316174636,0.36,0.818347193
B6C3F3,Ar 350 MeV/n,24,B6C3,0.519656965,0.555,0.280925156
B6C3M1,Ar 350 MeV/n,24,B6C3,0.391164241,0.47,1.038981289
B6C3M2,Ar 350 MeV/n,24,B6C3,0.25531185,0.285,1.255977131
B6C3M3,Ar 350 MeV/n,24,B6C3,0.424365904,0.44,1.083679834
BALBCF,Ar 350 MeV/n,24,BALBC,0.260862786,0.275,1.062370062
BALBCF1,Ar 350 MeV/n,24,BALBC,0.581871102,0.68,1.035862786
BALBCF2,Ar 350 MeV/n,24,BALBC,0.548492723,0.585,0.491943867
BALBCM1,Ar 350 MeV/n,24,BALBC,0.473347193,0.4,1.205821206
BALBCM2,Ar 350 MeV/n,24,BALBC,0.63539501,0.665,0.865904366
BALBCM3,Ar 350 MeV/n,24,BALBC,0.423492723,0.46,0.991943867
C3HF1,Ar 350 MeV/n,24,C3H,0.439168399,0.48,0.775727651
C3HF2,Ar 350 MeV/n,24,C3H,0.514968815,0.46,0.661902287
C3HF3,Ar 350 MeV/n,24,C3H,0.402588358,0.445,0.937110187
C3HM1,Ar 350 MeV/n,24,C3H,0.426372141,0.485,0.751299376
C3HM2,Ar 350 MeV/n,24,C3H,0.588503119,0.59,0.771309771
C57BLF1,Ar 350 MeV/n,24,C57,0.533835759,0.575,0.586018711
C57BLF2,Ar 350 MeV/n,24,C57,0.227515593,0.195,0.731548857
C57BLF3,Ar 350 MeV/n,24,C57,0.29004158,0.31,0.617463617
C57BLM1,Ar 350 MeV/n,24,C57,0.408149688,0.44,0.647869023
C57BLM2,Ar 350 MeV/n,24,C57,0.287203742,0.265,0.850571726
C57BLM3,Ar 350 MeV/n,24,C57,0.311361746,0.365,0.846933472
CBAF1,Ar 350 MeV/n,24,CBA,0.468742204,0.505,0.821725572
CBAF2,Ar 350 MeV/n,24,CBA,0.466060291,0.415,0.745322245
CBAF3,Ar 350 MeV/n,24,CBA,0.493451143,0.51,0.624480249
CBAM1,Ar 350 MeV/n,24,CBA,0.731299376,0.715,0.545738046
CBAM2,Ar 350 MeV/n,24,CBA,0.706247401,0.785,1.148908524
CBAM3,Ar 350 MeV/n,24,CBA,0.639095634,0.645,0.69516632
C3HM3,Ar 350 MeV/n,24,C3H,0.428347193,0.395,0.830821206
202CC,Ar 350 MeV/n,24,CC002,0.638056133,0.665,0.633575884
213CC,Ar 350 MeV/n,24,CC013,0.366995842,0.365,0.638253638
208CC,Ar 350 MeV/n,48,CC002,0.301496881,0.3,1.478690229
220CC,Ar 350 MeV/n,48,CC037,0.526777547,0.5,1.146569647
226CC,Ar 350 MeV/n,48,CC013,0.294033264,0.27,1.268970894
233CC,Ar 350 MeV/n,48,CC032,0.368908524,0.365,0.916580042
235CC,Ar 350 MeV/n,48,CC013,0.343045738,0.285,1.229209979
236CC,Ar 350 MeV/n,48,CC013,0.819968815,0.245,0.536902287
239CC,Ar 350 MeV/n,48,CC037,0.418929314,0.425,1.47531185
247CC,Ar 350 MeV/n,48,CC002,0.419043659,0.44,1.798336798
251CC,Ar 350 MeV/n,48,CC011,0.456049896,0.36,0.965956341
253CC,Ar 350 MeV/n,48,CC013,0.201746362,0.2,1.558471933
254CC,Ar 350 MeV/n,48,CC011,0.421756757,0.465,1.337837838
255CC,Ar 350 MeV/n,48,CC061,0.28454262,0.225,1.207900208
256CC,Ar 350 MeV/n,48,CC061,0.361070686,0.355,1.52468815
257CC,Ar 350 MeV/n,48,CC061,0.244168399,0.245,1.150727651
258CC,Ar 350 MeV/n,48,CC040,0.18533264,0.185,0.43970894
260CC,Ar 350 MeV/n,48,CC061,0.231683992,0.24,1.007276507
261CC,Ar 350 MeV/n,48,CC042,0.233690229,0.245,0.54989605
263CC,Ar 350 MeV/n,48,CC037,0.251569647,0.285,1.059251559
280CC,Ar 350 MeV/n,48,CC051,0.286798337,0.31,0.580301455
882CC,Ar 350 MeV/n,48,CC037,0.418669439,0.34,1.741164241
893CC,Ar 350 MeV/n,48,CC061,0.257993763,0.295,1.471269346
894CC,Ar 350 MeV/n,48,CC037,0.741534997,0.93,0.794698545
903CC,Ar 350 MeV/n,48,CC032,0.748118503,0.765,0.93477131
906CC,Ar 350 MeV/n,48,CC032,0.372266112,0.42,0.901767152
907CC,Ar 350 MeV/n,48,CC002,0.366860707,0.34,1.256496881
915CC,Ar 350 MeV/n,48,CC042,0.306039501,0.285,1.311590437
919CC,Ar 350 MeV/n,48,CC019,0.220935551,0.23,0.767931393
921CC,Ar 350 MeV/n,48,CC051,0.295779626,0.35,1.077442827
922CC,Ar 350 MeV/n,48,CC051,0.451673597,0.455,0.352910603
923CC,Ar 350 MeV/n,48,CC051,0.40962578,0.43,1.067827443
925CC,Ar 350 MeV/n,48,CC019,0.241538462,0.26,0.846153846
927CC,Ar 350 MeV/n,48,CC019,0.123607069,0.135,0.689968815
928CC,Ar 350 MeV/n,48,CC019,0.441663202,0.24,0.323544699
934CC,Ar 350 MeV/n,48,CC011,0.552609148,0.565,0.870841996
937CC,Ar 350 MeV/n,48,CC011,0.218243243,0.215,1.037162162
938CC,Ar 350 MeV/n,48,CC011,0.197661123,0.235,1.142671518
942CC,Ar 350 MeV/n,48,CC013,0.258887734,0.245,0.857848233
946CC,Ar 350 MeV/n,48,CC037,0.331569647,0.325,0.934251559
951CC,Ar 350 MeV/n,48,CC040,0.247494802,0.205,1.172817048
954CC,Ar 350 MeV/n,48,CC040,0.18485447,0.195,0.838877339
B6C3F1,Ar 350 MeV/n,48,B6C3,0.118814969,0.15,1.027286902
B6C3F2,Ar 350 MeV/n,48,B6C3,0.1854158,0.145,0.924636175
B6C3F3,Ar 350 MeV/n,48,B6C3,0.173877339,0.155,0.953482328
B6C3M1,Ar 350 MeV/n,48,B6C3,0.326413721,0.205,0.993762994
B6C3M2,Ar 350 MeV/n,48,B6C3,0.158430353,0.165,1.065748441
B6C3M3,Ar 350 MeV/n,48,B6C3,0.25047817,0.16,0.850831601
BALBCF,Ar 350 MeV/n,48,BALBC,0.287006237,0.21,1.042619543
BALBCF1,Ar 350 MeV/n,48,BALBC,0.388316008,0.46,1.742723493
BALBCF2,Ar 350 MeV/n,48,BALBC,0.243825364,0.24,1.056652807
BALBCM1,Ar 350 MeV/n,48,BALBC,0.40527027,0.455,0.513513514
BALBCM2,Ar 350 MeV/n,48,BALBC,0.379740125,0.455,1.265852391
BALBCM3,Ar 350 MeV/n,48,BALBC,0.28450104,0.325,0.96543659
C3HF1,Ar 350 MeV/n,48,C3H,0.239719335,0.185,0.832120582
C3HF2,Ar 350 MeV/n,48,C3H,0.233877339,0.255,1.328482328
C3HF3,Ar 350 MeV/n,48,C3H,0.25489605,0.205,1.206340956
C3HM1,Ar 350 MeV/n,48,C3H,0.253326403,0.25,1.147089397
C3HM2,Ar 350 MeV/n,48,C3H,0.387245322,0.425,1.593035343
C57BLF1,Ar 350 MeV/n,48,C57,0.237484407,0.23,1.643451143
C57BLF2,Ar 350 MeV/n,48,C57,0.203076923,0.12,0.817307692
C57BLF3,Ar 350 MeV/n,48,C57,0.152297297,0.135,0.864864865
C57BLM1,Ar 350 MeV/n,48,C57,0.225155925,0.18,0.690488565
C57BLM2,Ar 350 MeV/n,48,C57,0.20968815,0.14,0.869022869
C57BLM3,Ar 350 MeV/n,48,C57,0.128076923,0.165,1.192307692
CBAF1,Ar 350 MeV/n,48,CBA,0.28018711,0.29,1.278586279
CBAF2,Ar 350 MeV/n,48,CBA,0.258056133,0.325,1.258575884
CBAF3,Ar 350 MeV/n,48,CBA,0.2395842,0.24,1.200363825
CBAM1,Ar 350 MeV/n,48,CBA,0.457983368,0.45,1.303014553
CBAM2,Ar 350 MeV/n,48,CBA,0.499220374,0.445,1.672557173
CBAM3,Ar 350 MeV/n,48,CBA,0.437224532,0.385,1.284303534
C3HM3,Ar 350 MeV/n,48,C3H,0.265800416,0.29,1.011174636
202CC,Ar 350 MeV/n,48,CC002,0.411195426,0.385,1.127079002
213CC,Ar 350 MeV/n,48,CC013,0.304313929,0.295,0.811850312
208CC,Fe 600 MeV/n,4,CC002,0.917959393,0.33,4.374456295
220CC,Fe 600 MeV/n,4,CC037,1.061485134,0.68,4.967519216
226CC,Fe 600 MeV/n,4,CC013,0.572825925,0.42,2.586352261
233CC,Fe 600 MeV/n,4,CC032,0.754114282,0.59,3.404501579
235CC,Fe 600 MeV/n,4,CC013,0.508322856,0.48,3.330900316
236CC,Fe 600 MeV/n,4,CC013,0.33032086,0.31,3.657450992
239CC,Fe 600 MeV/n,4,CC037,0.947271644,0.72,4.35277513
247CC,Fe 600 MeV/n,4,CC002,0.677984121,0.74,4.681738962
251CC,Fe 600 MeV/n,4,CC011,0.644136775,0.46,4.353445451
253CC,Fe 600 MeV/n,4,CC013,0.45491971,0.36,3.590359292
254CC,Fe 600 MeV/n,4,CC011,0.319834505,0.37,4.117373235
255CC,Fe 600 MeV/n,4,CC061,0.591798099,0.3,3.625506465
256CC,Fe 600 MeV/n,4,CC061,0.387342996,0.34,4.204060657
257CC,Fe 600 MeV/n,4,CC061,0.603021659,0.47,3.676830722
258CC,Fe 600 MeV/n,4,CC040,0.309364833,0.22,2.644558482
260CC,Fe 600 MeV/n,4,CC061,1.143894864,0.24,2.315631889
261CC,Fe 600 MeV/n,4,CC042,0.514615385,0.2,2.634615385
263CC,Fe 600 MeV/n,4,CC037,0.901085771,0.7,3.912098552
280CC,Fe 600 MeV/n,4,CC051,0.453068879,0.22,3.18305726
882CC,Fe 600 MeV/n,4,CC037,0.526499285,0.43,4.570331586
893CC,Fe 600 MeV/n,4,CC061,0.536675952,0.39,3.619652327
894CC,Fe 600 MeV/n,4,CC037,0.466550676,0.44,4.187123875
903CC,Fe 600 MeV/n,4,CC032,0.754697462,0.73,4.805927129
906CC,Fe 600 MeV/n,4,CC032,0.916418102,0.63,3.59235536
907CC,Fe 600 MeV/n,4,CC002,0.707989185,0.54,4.485640231
915CC,Fe 600 MeV/n,4,CC042,0.995311178,0.51,3.396316213
919CC,Fe 600 MeV/n,4,CC019,0.884297057,0.34,1.941615027
921CC,Fe 600 MeV/n,4,CC051,0.800618483,0.72,2.663178514
922CC,Fe 600 MeV/n,4,CC051,0.286469642,0.3,3.324703569
923CC,Fe 600 MeV/n,4,CC051,0.437380981,0.55,3.795820175
925CC,Fe 600 MeV/n,4,CC019,0.696244861,0.32,2.825820771
927CC,Fe 600 MeV/n,4,CC019,0.427779598,0.17,2.648461241
928CC,Fe 600 MeV/n,4,CC019,0.533683787,0.18,2.197893702
934CC,Fe 600 MeV/n,4,CC011,0.968752607,0.74,3.834728594
937CC,Fe 600 MeV/n,4,CC011,0.700523446,0.34,2.688501758
938CC,Fe 600 MeV/n,4,CC011,0.676923673,0.35,3.164146756
942CC,Fe 600 MeV/n,4,CC013,0.428549872,0.22,3.063121909
946CC,Fe 600 MeV/n,4,CC037,0.461000864,0.33,4.920224334
951CC,Fe 600 MeV/n,4,CC040,0.574145117,0.26,3.074576953
954CC,Fe 600 MeV/n,4,CC040,0.767509831,0.29,2.626690699
B6C3F1,Fe 600 MeV/n,4,B6C3,0.615702646,0.27,3.577273134
B6C3F2,Fe 600 MeV/n,4,B6C3,0.755552345,0.31,3.356350176
B6C3F3,Fe 600 MeV/n,4,B6C3,0.572915599,0.24,3.401015909
B6C3M1,Fe 600 MeV/n,4,B6C3,0.463793422,0.48,4.247050587
B6C3M2,Fe 600 MeV/n,4,B6C3,0.650537747,0.26,3.281870047
B6C3M3,Fe 600 MeV/n,4,B6C3,0.43149571,0.27,4.171989513
BALBCF,Fe 600 MeV/n,4,BALBC,0.792705118,0.35,3.2455014
BALBCF1,Fe 600 MeV/n,4,BALBC,0.433697194,0.56,4.222926473
BALBCF2,Fe 600 MeV/n,4,BALBC,0.636389948,0.38,3.50228654
BALBCM1,Fe 600 MeV/n,4,BALBC,0.685586308,0.56,3.078099863
BALBCM2,Fe 600 MeV/n,4,BALBC,1.135744503,0.52,3.048486564
BALBCM3,Fe 600 MeV/n,4,BALBC,0.839337276,0.63,3.266713341
C3HF1,Fe 600 MeV/n,4,C3H,0.599131264,0.25,3.952876423
C3HF2,Fe 600 MeV/n,4,C3H,0.509342638,0.26,4.301726449
C3HF3,Fe 600 MeV/n,4,C3H,0.61185679,0.28,4.654538819
C3HM1,Fe 600 MeV/n,4,C3H,0.704865638,0.55,4.268560448
C3HM2,Fe 600 MeV/n,4,C3H,0.602906513,0.36,5.102104808
C57BLF1,Fe 600 MeV/n,4,C57,0.564045463,0.57,3.392666687
C57BLF2,Fe 600 MeV/n,4,C57,0.56062608,0.18,3.556530418
C57BLF3,Fe 600 MeV/n,4,C57,0.795420813,0.48,2.570473098
C57BLM1,Fe 600 MeV/n,4,C57,0.604872937,0.41,3.180800512
C57BLM2,Fe 600 MeV/n,4,C57,0.592633617,0.29,3.278659954
C57BLM3,Fe 600 MeV/n,4,C57,0.604321337,0.21,3.152229935
CBAF1,Fe 600 MeV/n,4,CBA,1.03702154,0.61,3.959385986
CBAF2,Fe 600 MeV/n,4,CBA,0.559638622,0.3,4.286338855
CBAF3,Fe 600 MeV/n,4,CBA,0.90456593,0.35,3.895050051
CBAM1,Fe 600 MeV/n,4,CBA,0.679356045,0.82,4.951759221
CBAM2,Fe 600 MeV/n,4,CBA,1.098309897,0.47,4.527535304
CBAM3,Fe 600 MeV/n,4,CBA,0.750517488,0.27,5.441264971
C3HM3,Fe 600 MeV/n,4,C3H,0.681958381,0.41,3.963676041
202CC,Fe 600 MeV/n,4,CC002,0.848769439,0.48,3.517547518
213CC,Fe 600 MeV/n,4,CC013,0.606423613,0.43,3.367924388
208CC,Fe 600 MeV/n,8,CC002,0.686030209,0.62,1.434740511
220CC,Fe 600 MeV/n,8,CC037,0.360674194,0.29,3.756092475
226CC,Fe 600 MeV/n,8,CC013,0.288334773,0.16,2.32537389
233CC,Fe 600 MeV/n,8,CC032,0.406385628,0.27,2.401164869
235CC,Fe 600 MeV/n,8,CC013,0.418956087,0.13,1.934114878
236CC,Fe 600 MeV/n,8,CC013,0.501538164,0.39,1.855426622
239CC,Fe 600 MeV/n,8,CC037,0.535036793,0.52,2.917312161
247CC,Fe 600 MeV/n,8,CC002,0.575913275,0.44,2.848343562
251CC,Fe 600 MeV/n,8,CC011,0.565054073,0.71,2.696798844
253CC,Fe 600 MeV/n,8,CC013,0.555332628,0.17,2.036368647
254CC,Fe 600 MeV/n,8,CC011,0.200273938,0.27,3.257336293
255CC,Fe 600 MeV/n,8,CC061,0.252448907,0.22,2.48931955
256CC,Fe 600 MeV/n,8,CC061,0.266572276,0.17,2.817732229
257CC,Fe 600 MeV/n,8,CC061,0.47497855,0.17,2.234947566
258CC,Fe 600 MeV/n,8,CC040,0.207839331,0.08,1.736385032
260CC,Fe 600 MeV/n,8,CC061,0.144417565,0.11,2.551354049
261CC,Fe 600 MeV/n,8,CC042,0.167584609,0.15,2.135762379
263CC,Fe 600 MeV/n,8,CC037,0.344934457,0.25,3.655395341
280CC,Fe 600 MeV/n,8,CC051,0.36786242,0.14,2.147552583
882CC,Fe 600 MeV/n,8,CC037,0.376342728,0.15,2.996060001
893CC,Fe 600 MeV/n,8,CC061,0.163091223,0.1,2.516445212
894CC,Fe 600 MeV/n,8,CC037,0.27862897,0.16,2.798315259
903CC,Fe 600 MeV/n,8,CC032,0.75133811,0.63,2.663826491
906CC,Fe 600 MeV/n,8,CC032,0.337851248,0.32,2.605858607
907CC,Fe 600 MeV/n,8,CC002,0.357442203,0.53,3.414303164
915CC,Fe 600 MeV/n,8,CC042,0.535950515,0.49,2.987323482
919CC,Fe 600 MeV/n,8,CC019,0.088768099,0.13,2.352544241
921CC,Fe 600 MeV/n,8,CC051,0.261501668,0.17,2.2942263
922CC,Fe 600 MeV/n,8,CC051,0.153405083,0.15,2.61776798
923CC,Fe 600 MeV/n,8,CC051,0.416919949,0.27,2.150248764
925CC,Fe 600 MeV/n,8,CC019,0.18938539,0.34,2.091275398
927CC,Fe 600 MeV/n,8,CC019,0.06150003,0.17,2.273111184
928CC,Fe 600 MeV/n,8,CC019,0.171055234,0.14,1.848135018
934CC,Fe 600 MeV/n,8,CC011,0.632114193,0.42,2.710168027
937CC,Fe 600 MeV/n,8,CC011,0.364766728,0.18,2.53942978
938CC,Fe 600 MeV/n,8,CC011,0.429749896,0.23,2.356610856
942CC,Fe 600 MeV/n,8,CC013,0.649782816,0.19,1.519469106
946CC,Fe 600 MeV/n,8,CC037,0.267608592,0.35,3.990265447
951CC,Fe 600 MeV/n,8,CC040,0.237246917,0.16,2.420492463
954CC,Fe 600 MeV/n,8,CC040,0.1449714,0.35,2.438263421
B6C3F1,Fe 600 MeV/n,8,B6C3,0.262208485,0.12,2.732065185
B6C3F2,Fe 600 MeV/n,8,B6C3,0.26057886,0.13,3.175303879
B6C3F3,Fe 600 MeV/n,8,B6C3,0.268309599,0.25,2.796423464
B6C3M1,Fe 600 MeV/n,8,B6C3,0.509273074,0.2,2.837111959
B6C3M2,Fe 600 MeV/n,8,B6C3,0.33293839,0.16,3.20607162
B6C3M3,Fe 600 MeV/n,8,B6C3,0.453640291,0.14,2.580565155
BALBCF,Fe 600 MeV/n,8,BALBC,0.114539117,0.11,3.344984508
BALBCF1,Fe 600 MeV/n,8,BALBC,0.249463743,0.28,3.24868915
BALBCF2,Fe 600 MeV/n,8,BALBC,0.148613031,0.21,2.808831854
BALBCM1,Fe 600 MeV/n,8,BALBC,0.206080707,0.19,2.733197283
BALBCM2,Fe 600 MeV/n,8,BALBC,0.618023446,0.34,2.688501758
BALBCM3,Fe 600 MeV/n,8,BALBC,0.492796878,0.13,2.427947923
C3HF1,Fe 600 MeV/n,8,C3H,0.294264583,0.21,3.375424537
C3HF2,Fe 600 MeV/n,8,C3H,0.258047429,0.14,3.293004826
C3HF3,Fe 600 MeV/n,8,C3H,0.436279271,0.13,3.019238217
C3HM1,Fe 600 MeV/n,8,C3H,0.234230769,0.24,3.619230769
C3HM2,Fe 600 MeV/n,8,C3H,0.618490586,0.29,3.321865876
C57BLF1,Fe 600 MeV/n,8,C57,0.221807037,0.43,3.058861646
C57BLF2,Fe 600 MeV/n,8,C57,0.1441834,0.14,2.897448311
C57BLF3,Fe 600 MeV/n,8,C57,0.038334624,0.11,3.305971817
C57BLM1,Fe 600 MeV/n,8,C57,0.290989692,0.17,2.503530358
C57BLM2,Fe 600 MeV/n,8,C57,0.206109009,0.29,2.563822022
C57BLM3,Fe 600 MeV/n,8,C57,0.431328725,0.25,2.508803551
CBAF1,Fe 600 MeV/n,8,CBA,0.602612018,0.21,3.6480516
CBAF2,Fe 600 MeV/n,8,CBA,0.551282697,0.26,3.05202437
CBAF3,Fe 600 MeV/n,8,CBA,0.279144819,0.23,3.968465114
CBAM1,Fe 600 MeV/n,8,CBA,0.520068224,0.54,3.549611214
CBAM2,Fe 600 MeV/n,8,CBA,0.504362748,0.2,3.651775606
CBAM3,Fe 600 MeV/n,8,CBA,0.275995501,0.3,3.635211226
C3HM3,Fe 600 MeV/n,8,C3H,0.358028213,0.13,3.261291188
202CC,Fe 600 MeV/n,8,CC002,0.651062534,0.21,2.385375082
213CC,Fe 600 MeV/n,8,CC013,0.239855955,0.18,2.382425669
208CC,Fe 600 MeV/n,24,CC002,0.378443067,0.365,1.084527498
220CC,Fe 600 MeV/n,24,CC037,0.703737413,0.655,1.548024787
226CC,Fe 600 MeV/n,24,CC013,0.334368706,0.31,1.024012393
233CC,Fe 600 MeV/n,24,CC032,0.407931836,0.49,1.121611154
235CC,Fe 600 MeV/n,24,CC013,0.429082107,0.41,0.819422928
236CC,Fe 600 MeV/n,24,CC013,0.169159566,0.175,1.033501162
239CC,Fe 600 MeV/n,24,CC037,0.449322231,0.345,1.470565453
247CC,Fe 600 MeV/n,24,CC002,0.553388846,0.555,1.147172734
251CC,Fe 600 MeV/n,24,CC011,0.488555383,0.495,1.088690937
253CC,Fe 600 MeV/n,24,CC013,0.33377227,0.28,1.088109992
254CC,Fe 600 MeV/n,24,CC011,0.360073586,0.335,1.334624322
255CC,Fe 600 MeV/n,24,CC061,0.272672347,0.19,1.07319907
256CC,Fe 600 MeV/n,24,CC061,0.34306739,0.355,1.152498064
257CC,Fe 600 MeV/n,24,CC061,0.324612703,0.2,1.17960883
258CC,Fe 600 MeV/n,24,CC040,0.18429512,0.185,0.689388071
260CC,Fe 600 MeV/n,24,CC061,0.139461658,0.145,1.130906274
261CC,Fe 600 MeV/n,24,CC042,0.221549187,0.2,0.781564679
263CC,Fe 600 MeV/n,24,CC037,0.292273431,0.325,1.614446166
280CC,Fe 600 MeV/n,24,CC051,0.291963594,0.225,1.00813323
882CC,Fe 600 MeV/n,24,CC037,0.303888459,0.32,1.471727343
893CC,Fe 600 MeV/n,24,CC061,0.298656081,0.24,1.079492641
894CC,Fe 600 MeV/n,24,CC037,0.408373354,0.34,1.129357088
903CC,Fe 600 MeV/n,24,CC032,0.617575523,0.585,1.086851278
906CC,Fe 600 MeV/n,24,CC032,0.289039504,0.24,1.145429899
907CC,Fe 600 MeV/n,24,CC002,0.366494965,0.425,1.969209915
915CC,Fe 600 MeV/n,24,CC042,0.283605732,0.29,1.521591789
919CC,Fe 600 MeV/n,24,CC019,0.26122773,0.25,0.786890008
921CC,Fe 600 MeV/n,24,CC051,0.26574361,0.245,1.105151046
922CC,Fe 600 MeV/n,24,CC051,0.241886135,0.15,1.044054996
923CC,Fe 600 MeV/n,24,CC051,0.363853602,0.32,0.806642138
925CC,Fe 600 MeV/n,24,CC019,0.164883811,0.16,0.991382649
927CC,Fe 600 MeV/n,24,CC019,0.107645236,0.065,0.667021689
928CC,Fe 600 MeV/n,24,CC019,0.10172347,0.12,0.856990705
934CC,Fe 600 MeV/n,24,CC011,0.298082881,0.25,1.17031371
937CC,Fe 600 MeV/n,24,CC011,0.253865221,0.165,1.070003873
938CC,Fe 600 MeV/n,24,CC011,0.273962045,0.2,0.931351665
942CC,Fe 600 MeV/n,24,CC013,0.205507359,0.19,0.833462432
946CC,Fe 600 MeV/n,24,CC037,0.221444617,0.28,2.036309063
951CC,Fe 600 MeV/n,24,CC040,0.28288536,0.22,0.943164214
954CC,Fe 600 MeV/n,24,CC040,0.208621224,0.22,0.914407436
B6C3F1,Fe 600 MeV/n,24,B6C3,0.182765298,0.13,1.180092951
B6C3F2,Fe 600 MeV/n,24,B6C3,0.225007746,0.26,1.383907823
B6C3F3,Fe 600 MeV/n,24,B6C3,0.181293571,0.175,1.112606507
B6C3M1,Fe 600 MeV/n,24,B6C3,0.296963594,0.295,1.38313323
B6C3M2,Fe 600 MeV/n,24,B6C3,0.306208366,0.24,1.014620449
B6C3M3,Fe 600 MeV/n,24,B6C3,0.246630519,0.17,1.375096824
BALBCF,Fe 600 MeV/n,24,BALBC,0.240797831,0.14,1.417505809
BALBCF1,Fe 600 MeV/n,24,BALBC,0.331731216,0.255,1.240898528
BALBCF2,Fe 600 MeV/n,24,BALBC,0.3051433,0.335,1.039794733
BALBCM1,Fe 600 MeV/n,24,BALBC,0.229283501,0.275,1.176026336
BALBCM2,Fe 600 MeV/n,24,BALBC,0.477513555,0.425,1.015588691
BALBCM3,Fe 600 MeV/n,24,BALBC,0.323528273,0.24,0.932513555
C3HF1,Fe 600 MeV/n,24,C3H,0.306088304,0.25,1.751549187
C3HF2,Fe 600 MeV/n,24,C3H,0.643357862,0.505,1.111541441
C3HF3,Fe 600 MeV/n,24,C3H,0.302652982,0.23,1.175929512
C3HM1,Fe 600 MeV/n,24,C3H,0.24137103,0.26,1.826684741
C3HM2,Fe 600 MeV/n,24,C3H,0.337757552,0.25,1.796185128
C57BLF1,Fe 600 MeV/n,24,C57,0.407292796,0.495,1.386715724
C57BLF2,Fe 600 MeV/n,24,C57,0.130762974,0.165,1.377420604
C57BLF3,Fe 600 MeV/n,24,C57,0.359198296,0.345,0.828040279
C57BLM1,Fe 600 MeV/n,24,C57,0.207618125,0.205,1.010844307
C57BLM2,Fe 600 MeV/n,24,C57,0.25101859,0.14,1.296378776
C57BLM3,Fe 600 MeV/n,24,C57,0.245406662,0.295,1.092660728
CBAF1,Fe 600 MeV/n,24,CBA,0.219566228,0.34,2.50116189
CBAF2,Fe 600 MeV/n,24,CBA,0.45936096,0.335,1.26510457
CBAF3,Fe 600 MeV/n,24,CBA,0.316142525,0.31,1.31390395
CBAM1,Fe 600 MeV/n,24,CBA,0.380426026,0.29,1.489930287
CBAM2,Fe 600 MeV/n,24,CBA,0.543927188,0.475,1.39126646
CBAM3,Fe 600 MeV/n,24,CBA,0.437273431,0.34,1.364446166
C3HM3,Fe 600 MeV/n,24,C3H,0.291533695,0.265,1.388749032
202CC,Fe 600 MeV/n,24,CC002,0.22936096,0.235,1.51510457
213CC,Fe 600 MeV/n,24,CC013,0.150871418,0.155,1.252130132
208CC,Fe 600 MeV/n,48,CC002,0.498548928,0.615,0.664601084
220CC,Fe 600 MeV/n,48,CC037,0.641034082,0.47,0.814194423
226CC,Fe 600 MeV/n,48,CC013,0.253017041,0.265,0.719597211
233CC,Fe 600 MeV/n,48,CC032,0.557789827,0.66,0.541634392
235CC,Fe 600 MeV/n,48,CC013,0.34246708,0.405,0.587141751
236CC,Fe 600 MeV/n,48,CC013,0.316012135,0.44,0.372288923
239CC,Fe 600 MeV/n,48,CC037,0.42095275,0.435,0.970662277
247CC,Fe 600 MeV/n,48,CC002,0.528861348,0.585,0.815549961
251CC,Fe 600 MeV/n,48,CC011,0.521168345,0.745,0.635263362
253CC,Fe 600 MeV/n,48,CC013,0.222927963,0.255,0.742157242
254CC,Fe 600 MeV/n,48,CC011,0.548625097,0.915,0.418861348
255CC,Fe 600 MeV/n,48,CC061,0.576709269,0.645,0.298993029
256CC,Fe 600 MeV/n,48,CC061,0.404388071,0.435,0.546281952
257CC,Fe 600 MeV/n,48,CC061,0.505879163,0.415,0.386037955
258CC,Fe 600 MeV/n,48,CC040,0.145592564,0.125,0.30644849
260CC,Fe 600 MeV/n,48,CC061,0.379197005,0.48,0.368222308
261CC,Fe 600 MeV/n,48,CC042,0.142025562,0.16,0.454395817
263CC,Fe 600 MeV/n,48,CC037,0.306239349,0.315,0.675251743
280CC,Fe 600 MeV/n,48,CC051,0.280518978,0.35,0.346824167
882CC,Fe 600 MeV/n,48,CC037,0.643555383,0.78,0.588690937
893CC,Fe 600 MeV/n,48,CC061,0.701746708,1.25,0.508714175
894CC,Fe 600 MeV/n,48,CC037,0.710529305,1.15,0.400367932
903CC,Fe 600 MeV/n,48,CC032,0.72539117,1.03,0.574845081
906CC,Fe 600 MeV/n,48,CC032,0.545187193,0.58,0.298605732
907CC,Fe 600 MeV/n,48,CC002,0.796809966,0.915,0.664794733
915CC,Fe 600 MeV/n,48,CC042,0.310182029,0.385,0.95933385
919CC,Fe 600 MeV/n,48,CC019,0.339366124,0.49,0.229376452
921CC,Fe 600 MeV/n,48,CC051,0.531483346,0.57,0.33084818
922CC,Fe 600 MeV/n,48,CC051,0.371347792,0.415,0.67496127
923CC,Fe 600 MeV/n,48,CC051,0.384264136,0.44,0.528756778
925CC,Fe 600 MeV/n,48,CC019,0.392623289,0.52,0.225116189
927CC,Fe 600 MeV/n,48,CC019,0.263258456,0.405,0.205557707
928CC,Fe 600 MeV/n,48,CC019,0.233745159,0.345,0.18193261
934CC,Fe 600 MeV/n,48,CC011,0.503009295,0.61,0.335689388
937CC,Fe 600 MeV/n,48,CC011,0.17612316,0.18,0.666634392
938CC,Fe 600 MeV/n,48,CC011,0.395145882,0.475,0.334430674
942CC,Fe 600 MeV/n,48,CC013,0.199066615,0.24,0.551607281
946CC,Fe 600 MeV/n,48,CC037,0.572838885,0.625,0.764717273
951CC,Fe 600 MeV/n,48,CC040,0.238288149,0.24,0.53137103
954CC,Fe 600 MeV/n,48,CC040,0.470427317,0.74,0.449748257
B6C3F1,Fe 600 MeV/n,48,B6C3,0.191367157,0.16,0.697230829
B6C3F2,Fe 600 MeV/n,48,B6C3,0.184558482,0.205,0.742254067
B6C3F3,Fe 600 MeV/n,48,B6C3,0.229186677,0.26,0.564678544
B6C3M1,Fe 600 MeV/n,48,B6C3,0.155015492,0.225,1.267815647
B6C3M2,Fe 600 MeV/n,48,B6C3,0.227862122,0.255,0.666440744
B6C3M3,Fe 600 MeV/n,48,B6C3,0.231022463,0.17,0.675832688
BALBCF,Fe 600 MeV/n,48,BALBC,0.381349083,0.54,0.509779241
BALBCF1,Fe 600 MeV/n,48,BALBC,0.687683966,1.015,0.336560806
BALBCF2,Fe 600 MeV/n,48,BALBC,0.355787503,0.505,0.238962045
BALBCM1,Fe 600 MeV/n,48,BALBC,0.483725794,0.63,0.284663052
BALBCM2,Fe 600 MeV/n,48,BALBC,0.709200878,1.18,0.49767622
BALBCM3,Fe 600 MeV/n,48,BALBC,0.133164214,0.225,1.138845856
C3HF1,Fe 600 MeV/n,48,C3H,0.376820294,0.475,0.843338497
C3HF2,Fe 600 MeV/n,48,C3H,0.336239349,0.41,1.050251743
C3HF3,Fe 600 MeV/n,48,C3H,0.20493416,0.2,0.924283501
C3HM1,Fe 600 MeV/n,48,C3H,0.225251743,0.225,0.91450426
C3HM2,Fe 600 MeV/n,48,C3H,0.386859024,0.335,0.887877614
C57BLF1,Fe 600 MeV/n,48,C57,0.434070488,0.525,0.431061193
C57BLF2,Fe 600 MeV/n,48,C57,0.347691712,0.32,0.345468629
C57BLF3,Fe 600 MeV/n,48,C57,0.065329202,0.09,0.878582494
C57BLM1,Fe 600 MeV/n,48,C57,0.065778466,0.105,0.770236251
C57BLM2,Fe 600 MeV/n,48,C57,0.091402014,0.12,0.862316034
C57BLM3,Fe 600 MeV/n,48,C57,0.075499613,0.22,1.824554609
CBAF1,Fe 600 MeV/n,48,CBA,0.406130906,0.51,1.175542215
CBAF2,Fe 600 MeV/n,48,CBA,0.232970565,0.295,1.166150271
CBAF3,Fe 600 MeV/n,48,CBA,0.301130906,0.34,0.800542215
CBAM1,Fe 600 MeV/n,48,CBA,0.497498064,0.505,0.997773044
CBAM2,Fe 600 MeV/n,48,CBA,0.504364833,0.495,1.019558482
CBAM3,Fe 600 MeV/n,48,CBA,0.46489543,0.48,0.879744384
C3HM3,Fe 600 MeV/n,48,C3H,0.165658404,0.215,1.257164988
202CC,Fe 600 MeV/n,48,CC002,0.654302866,0.73,0.448295895
213CC,Fe 600 MeV/n,48,CC013,0.45506584,0.67,0.325716499
208CC,Si 350 MeV/n,4,CC002,3.18672576,3.335,7.658104197
220CC,Si 350 MeV/n,4,CC037,2.703484081,2.925,3.413531114
226CC,Si 350 MeV/n,4,CC013,2.759395803,3.06,7.638567294
233CC,Si 350 MeV/n,4,CC032,4.660274964,4.755,4.766280753
235CC,Si 350 MeV/n,4,CC013,1.758809696,1.975,6.386758321
236CC,Si 350 MeV/n,4,CC013,1.771562952,1.775,7.171490593
239CC,Si 350 MeV/n,4,CC037,2.268674626,2.515,3.168234443
247CC,Si 350 MeV/n,4,CC002,2.855102508,3.175,5.121201158
251CC,Si 350 MeV/n,4,CC011,2.54660275,2.045,7.012662808
253CC,Si 350 MeV/n,4,CC013,2.318950796,2.515,4.141823444
254CC,Si 350 MeV/n,4,CC011,1.742908828,1.715,6.027496382
255CC,Si 350 MeV/n,4,CC061,2.319468733,3.09,11.72789245
256CC,Si 350 MeV/n,4,CC061,2.879240232,3.185,0.895803184
257CC,Si 350 MeV/n,4,CC061,3.390832127,3.875,1.542691751
258CC,Si 350 MeV/n,4,CC040,1.779149783,1.635,4.347684515
260CC,Si 350 MeV/n,4,CC061,2.776389291,2.885,6.81910275
261CC,Si 350 MeV/n,4,CC042,1.950618669,1.855,4.849131693
263CC,Si 350 MeV/n,4,CC037,3.312059817,3.705,2.582489146
280CC,Si 350 MeV/n,4,CC051,1.032308249,1,5.287988423
882CC,Si 350 MeV/n,4,CC037,2.154686445,2.435,0.099855282
893CC,Si 350 MeV/n,4,CC061,2.816360347,2.895,1.843704776
894CC,Si 350 MeV/n,4,CC037,2.587800289,2.685,3.36975398
903CC,Si 350 MeV/n,4,CC032,4.437568741,4.77,2.339297461
906CC,Si 350 MeV/n,4,CC032,4.769299325,5.4,6.053907381
907CC,Si 350 MeV/n,4,CC002,2.962854559,2.95,4.198625181
915CC,Si 350 MeV/n,4,CC042,1.942684515,2.015,3.968162084
919CC,Si 350 MeV/n,4,CC019,1.568628799,1.645,1.790520984
921CC,Si 350 MeV/n,4,CC051,2.998314038,2.915,2.683068017
922CC,Si 350 MeV/n,4,CC051,4.120311143,4.145,1.48552822
923CC,Si 350 MeV/n,4,CC051,4.005168837,4.485,0.523154848
925CC,Si 350 MeV/n,4,CC019,2.427000724,2.575,3.924384949
927CC,Si 350 MeV/n,4,CC019,1.673230825,1.575,6.878798842
928CC,Si 350 MeV/n,4,CC019,2.570050651,2.67,3.706946454
934CC,Si 350 MeV/n,4,CC011,4.112614568,3.945,1.444283647
937CC,Si 350 MeV/n,4,CC011,3.071913893,3.225,3.498191027
938CC,Si 350 MeV/n,4,CC011,3.035625904,2.9,4.592981187
942CC,Si 350 MeV/n,4,CC013,2.740379884,3.015,5.802098408
946CC,Si 350 MeV/n,4,CC037,2.683589001,2.6,5.44934877
951CC,Si 350 MeV/n,4,CC040,2.362109262,2.575,4.582127352
954CC,Si 350 MeV/n,4,CC040,2.480947902,2.56,3.444283647
B6C3F1,Si 350 MeV/n,4,B6C3,2.167308249,2.515,7.787988423
B6C3F2,Si 350 MeV/n,4,B6C3,2.473779547,2.755,2.704052098
B6C3F3,Si 350 MeV/n,4,B6C3,2.472015195,2.73,4.912083936
B6C3M1,Si 350 MeV/n,4,B6C3,1.841034732,2.01,5.370477569
B6C3M2,Si 350 MeV/n,4,B6C3,2.21713097,2.5,7.313675832
B6C3M3,Si 350 MeV/n,4,B6C3,2.859486252,3.04,6.686685962
BALBCF,Si 350 MeV/n,4,BALBC,3.655184515,3.49,4.218162084
BALBCF1,Si 350 MeV/n,4,BALBC,1.447069465,1.405,5.650046047
BALBCF2,Si 350 MeV/n,4,BALBC,1.961722142,1.845,5.53617945
BALBCM1,Si 350 MeV/n,4,BALBC,1.547662808,1.455,4.736613603
BALBCM2,Si 350 MeV/n,4,BALBC,0.977673661,1.11,9.602387844
BALBCM3,Si 350 MeV/n,4,BALBC,1.076240955,0.96,6.320188133
C3HF1,Si 350 MeV/n,4,C3H,1.762018813,1.945,3.534008683
C3HF2,Si 350 MeV/n,4,C3H,1.749902315,2.1,2.708031838
C3HF3,Si 350 MeV/n,4,C3H,2.223205499,2.265,2.458658948
C3HM1,Si 350 MeV/n,4,C3H,1.478093343,1.57,4.245658466
C3HM2,Si 350 MeV/n,4,C3H,1.754153401,1.78,3.969609262
C57BLF1,Si 350 MeV/n,4,C57,3.555130246,3.405,6.389290883
C57BLF2,Si 350 MeV/n,4,C57,2.779475398,3.02,2.820911722
C57BLF3,Si 350 MeV/n,4,C57,3.563215147,5,1.683791606
C57BLM1,Si 350 MeV/n,4,C57,2.778809696,3.09,7.886758321
C57BLM2,Si 350 MeV/n,4,C57,2.545665702,3.045,6.934153401
C57BLM3,Si 350 MeV/n,4,C57,2.603020984,3,11.30716353
CBAF1,Si 350 MeV/n,4,CBA,1.454808249,1.565,4.037988423
CBAF2,Si 350 MeV/n,4,CBA,0.993733719,1.06,5.82633864
CBAF3,Si 350 MeV/n,4,CBA,1.764681621,1.815,3.770622287
CBAM1,Si 350 MeV/n,4,CBA,4.721195128,5.2,0.442474674
CBAM2,Si 350 MeV/n,4,CBA,2.391903039,2.605,4.132416787
CBAM3,Si 350 MeV/n,4,CBA,2.006664255,2.4,6.085383502
C3HM3,Si 350 MeV/n,4,C3H,2.136034732,2.02,5.370477569
208CC,Si 350 MeV/n,8,CC002,3.235961167,3.645,1.224674385
220CC,Si 350 MeV/n,8,CC037,1.466934395,1.675,2.022431259
226CC,Si 350 MeV/n,8,CC013,2.606183068,2.905,1.369392185
233CC,Si 350 MeV/n,8,CC032,4.695,5.575,0
235CC,Si 350 MeV/n,8,CC013,1.7112904,1.695,0.819826339
236CC,Si 350 MeV/n,8,CC013,2.088859141,2.385,1.386396527
239CC,Si 350 MeV/n,8,CC037,1.928748191,2.275,3.314037627
247CC,Si 350 MeV/n,8,CC002,2.503499759,2.765,0.10853835
251CC,Si 350 MeV/n,8,CC011,2.060379884,1.955,3.302098408
253CC,Si 350 MeV/n,8,CC013,1.462694163,1.665,0.626628075
254CC,Si 350 MeV/n,8,CC011,1.738440666,1.905,2.950434153
255CC,Si 350 MeV/n,8,CC061,2.637680897,3.015,0.346237337
256CC,Si 350 MeV/n,8,CC061,2.807755668,3.57,0.19934877
257CC,Si 350 MeV/n,8,CC061,2.961666667,3.28,0
258CC,Si 350 MeV/n,8,CC040,1.832914858,1.995,1.064037627
260CC,Si 350 MeV/n,8,CC061,2.371666667,3.16,0
261CC,Si 350 MeV/n,8,CC042,1.877725519,2.4,1.016642547
263CC,Si 350 MeV/n,8,CC037,2.088013748,2.24,1.563314038
280CC,Si 350 MeV/n,8,CC051,1.207134588,1.375,1.435600579
882CC,Si 350 MeV/n,8,CC037,1.824910757,1.825,2.65918958
893CC,Si 350 MeV/n,8,CC061,2.721450796,2.87,0.391823444
894CC,Si 350 MeV/n,8,CC037,2.17620357,2.695,0.893632417
903CC,Si 350 MeV/n,8,CC032,1.822631579,3.76,6.657894737
906CC,Si 350 MeV/n,8,CC032,5.033303184,5.2,1.817293777
907CC,Si 350 MeV/n,8,CC002,2.642522914,3.065,0.188856729
915CC,Si 350 MeV/n,8,CC042,1.773437048,1.94,1.828509407
919CC,Si 350 MeV/n,8,CC019,1.457802701,1.875,0.284370478
921CC,Si 350 MeV/n,8,CC051,2.350165219,2.515,1.901230101
922CC,Si 350 MeV/n,8,CC051,2.858346599,3.195,2.280390738
923CC,Si 350 MeV/n,8,CC051,2.929321032,3.545,1.785455861
925CC,Si 350 MeV/n,8,CC019,1.995156778,2.27,1.950072359
927CC,Si 350 MeV/n,8,CC019,1.481359141,1.86,0.136396527
928CC,Si 350 MeV/n,8,CC019,1.726964544,2.34,2.705137482
934CC,Si 350 MeV/n,8,CC011,3.748531114,4.42,1.998552822
937CC,Si 350 MeV/n,8,CC011,3.862824409,4.79,2.015918958
938CC,Si 350 MeV/n,8,CC011,4.166666667,4.805,0
942CC,Si 350 MeV/n,8,CC013,3.211666667,3.875,0
946CC,Si 350 MeV/n,8,CC037,2.327807525,2.565,0.613603473
951CC,Si 350 MeV/n,8,CC040,2.763203087,3.465,1.110709117
954CC,Si 350 MeV/n,8,CC040,2.328642065,2.58,0.070911722
B6C3F1,Si 350 MeV/n,8,B6C3,1.816511095,2.115,1.25723589
B6C3F2,Si 350 MeV/n,8,B6C3,1.907964303,2.405,1.563675832
B6C3F3,Si 350 MeV/n,8,B6C3,1.546537627,2.075,0.318017366
B6C3M1,Si 350 MeV/n,8,B6C3,1.811028702,2.14,1.333936324
B6C3M2,Si 350 MeV/n,8,B6C3,2.157111674,2.5,1.496743849
B6C3M3,Si 350 MeV/n,8,B6C3,2.508333333,3.15,0
BALBCF,Si 350 MeV/n,8,BALBC,2.323537144,2.535,0.035094067
BALBCF1,Si 350 MeV/n,8,BALBC,1.294293295,1.365,0.517366136
BALBCF2,Si 350 MeV/n,8,BALBC,1.371523155,1.785,1.330318379
BALBCM1,Si 350 MeV/n,8,BALBC,1.380133864,1.735,1.01121563
BALBCM2,Si 350 MeV/n,8,BALBC,1.149403039,1.315,2.882416787
BALBCM3,Si 350 MeV/n,8,BALBC,0.984457308,1.23,1.711287988
C3HF1,Si 350 MeV/n,8,C3H,1.942209358,2.735,0.288712012
C3HF2,Si 350 MeV/n,8,C3H,1.732831645,2.385,1.259768452
C3HF3,Si 350 MeV/n,8,C3H,2.223441872,2.93,1.157742402
C3HM1,Si 350 MeV/n,8,C3H,1.667326339,1.82,1.897612156
C3HM2,Si 350 MeV/n,8,C3H,1.525470333,1.87,3.350217077
C57BLF1,Si 350 MeV/n,8,C57,2.279669561,2.57,1.697539797
C57BLF2,Si 350 MeV/n,8,C57,2.028254945,2.695,0.024963821
C57BLF3,Si 350 MeV/n,8,C57,2.115,2.58,0
C57BLM1,Si 350 MeV/n,8,C57,1.808039074,2.295,2.416787265
C57BLM2,Si 350 MeV/n,8,C57,1.622452967,2.025,2.164978292
C57BLM3,Si 350 MeV/n,8,C57,1.981138447,2.355,1.698986975
CBAF1,Si 350 MeV/n,8,CBA,1.416770381,1.69,0.328509407
CBAF2,Si 350 MeV/n,8,CBA,1.061589484,1.275,0.732272069
CBAF3,Si 350 MeV/n,8,CBA,1.370165219,1.485,0.901230101
CBAM1,Si 350 MeV/n,8,CBA,3.491298842,3.82,1.270984081
CBAM2,Si 350 MeV/n,8,CBA,2.094565847,2.31,0.869030391
CBAM3,Si 350 MeV/n,8,CBA,1.757069465,2,1.240955137
C3HM3,Si 350 MeV/n,8,C3H,1.877867824,2.54,0.979015919
208CC,Si 350 MeV/n,24,CC002,1.967886751,2.085,1.23334567
220CC,Si 350 MeV/n,24,CC037,0.516402665,0.685,1.809215396
226CC,Si 350 MeV/n,24,CC013,1.675092524,1.725,1.528312361
233CC,Si 350 MeV/n,24,CC032,1.590145571,1.82,1.864544782
235CC,Si 350 MeV/n,24,CC013,0.656524796,0.69,1.856587713
236CC,Si 350 MeV/n,24,CC013,1.025684678,1.2,1.159511473
239CC,Si 350 MeV/n,24,CC037,0.908164323,0.98,1.818282754
247CC,Si 350 MeV/n,24,CC002,1.662042931,1.795,0.815136936
251CC,Si 350 MeV/n,24,CC011,1.444426351,1.495,0.22446336
253CC,Si 350 MeV/n,24,CC013,0.514333827,0.595,0.696150999
254CC,Si 350 MeV/n,24,CC011,1.034222798,1.11,0.812176166
255CC,Si 350 MeV/n,24,CC061,1.916002961,1.77,1.676905996
256CC,Si 350 MeV/n,24,CC061,1.296358253,1.255,0.155625463
257CC,Si 350 MeV/n,24,CC061,0.906606218,0.9,2.221502591
258CC,Si 350 MeV/n,24,CC040,0.952738712,1.02,0.138045892
260CC,Si 350 MeV/n,24,CC061,1.172527757,1.36,0.533493708
261CC,Si 350 MeV/n,24,CC042,1.032746114,1.14,0.580310881
263CC,Si 350 MeV/n,24,CC037,0.928264249,1.06,0.788860104
280CC,Si 350 MeV/n,24,CC051,0.542586973,0.51,0.57161362
882CC,Si 350 MeV/n,24,CC037,1.248333333,1.65,0
893CC,Si 350 MeV/n,24,CC061,1.39,1.5,0
894CC,Si 350 MeV/n,24,CC037,1.368333333,1.55,0
903CC,Si 350 MeV/n,24,CC032,4.042246484,4.755,2.22742413
906CC,Si 350 MeV/n,24,CC032,2.273478905,2.17,0.864544782
907CC,Si 350 MeV/n,24,CC002,1.196666667,1.48,0
915CC,Si 350 MeV/n,24,CC042,1.223783617,1.355,0.487786825
919CC,Si 350 MeV/n,24,CC019,1.001534666,1.25,1.029607698
921CC,Si 350 MeV/n,24,CC051,1.372991611,1.645,0.165433013
922CC,Si 350 MeV/n,24,CC051,1.294744634,1.325,0.241857883
923CC,Si 350 MeV/n,24,CC051,1.783333333,2.015,0
925CC,Si 350 MeV/n,24,CC019,1.448333333,1.615,0
927CC,Si 350 MeV/n,24,CC019,0.954415248,1.085,0.311065877
928CC,Si 350 MeV/n,24,CC019,1.007367382,1.155,0.534418949
934CC,Si 350 MeV/n,24,CC011,2.275040711,2.5,2.182457439
937CC,Si 350 MeV/n,24,CC011,2.518333333,2.84,0
938CC,Si 350 MeV/n,24,CC011,2.463364175,2.805,1.759437454
942CC,Si 350 MeV/n,24,CC013,1.278601036,1.415,0.661917098
946CC,Si 350 MeV/n,24,CC037,1.374951887,1.78,0.875277572
951CC,Si 350 MeV/n,24,CC040,1.012716506,1.14,0.811250925
954CC,Si 350 MeV/n,24,CC040,0.441898594,0.53,0.940969652
B6C3F1,Si 350 MeV/n,24,B6C3,1.288341969,1.525,1.182642487
B6C3F2,Si 350 MeV/n,24,B6C3,1.408019985,1.72,0.69411547
B6C3F3,Si 350 MeV/n,24,B6C3,0.974603997,1.095,0.588823094
B6C3M1,Si 350 MeV/n,24,B6C3,0.756484086,0.81,0.924130274
B6C3M2,Si 350 MeV/n,24,B6C3,0.991968912,1.1,0.642487047
B6C3M3,Si 350 MeV/n,24,B6C3,1.191492721,1.39,0.856772761
BALBCF,Si 350 MeV/n,24,BALBC,0.911809771,1.105,0.383789785
BALBCF1,Si 350 MeV/n,24,BALBC,1.071591414,0.965,0.336972613
BALBCF2,Si 350 MeV/n,24,BALBC,0.927890452,0.93,0.954478164
BALBCM1,Si 350 MeV/n,24,BALBC,0.847916358,0.835,0.002405625
BALBCM2,Si 350 MeV/n,24,BALBC,1.030706884,1.085,0.48630644
BALBCM3,Si 350 MeV/n,24,BALBC,0.699529978,0.665,0.666173205
C3HF1,Si 350 MeV/n,24,C3H,0.763297557,0.79,1.029052554
C3HF2,Si 350 MeV/n,24,C3H,0.927964471,0.955,0.627128053
C3HF3,Si 350 MeV/n,24,C3H,1.063333333,1.4,0
C3HM1,Si 350 MeV/n,24,C3H,0.909917345,1.06,0.894707624
C3HM2,Si 350 MeV/n,24,C3H,0.925735258,1.025,0.514988897
C57BLF1,Si 350 MeV/n,24,C57,1.576317543,1.78,0.473168024
C57BLF2,Si 350 MeV/n,24,C57,1.156972613,1.345,0.363619541
C57BLF3,Si 350 MeV/n,24,C57,1.247804096,1.285,1.378053294
C57BLM1,Si 350 MeV/n,24,C57,1.688235875,1.945,0.260177646
C57BLM2,Si 350 MeV/n,24,C57,1.583613373,1.875,0.81569208
C57BLM3,Si 350 MeV/n,24,C57,1.567055268,1.795,0.218911917
CBAF1,Si 350 MeV/n,24,CBA,0.593700962,0.64,1.132494449
CBAF2,Si 350 MeV/n,24,CBA,0.333049593,0.325,1.463175426
CBAF3,Si 350 MeV/n,24,CBA,0.479252406,0.52,1.331236121
CBAM1,Si 350 MeV/n,24,CBA,1.72,1.805,0
CBAM2,Si 350 MeV/n,24,CBA,1.13488527,1.43,1.394892672
CBAM3,Si 350 MeV/n,24,CBA,0.379666667,3.4,4.716666667
C3HM3,Si 350 MeV/n,24,C3H,0.539607698,0.61,1.559955588
208CC,Si 350 MeV/n,48,CC002,1.020206223,0.925,0.449710564
220CC,Si 350 MeV/n,48,CC037,0.71172576,0.575,1.158104197
226CC,Si 350 MeV/n,48,CC013,0.762811143,0.8,1.73552822
233CC,Si 350 MeV/n,48,CC032,1.210412446,1.305,0.899421129
235CC,Si 350 MeV/n,48,CC013,0.674581524,0.575,1.564037627
236CC,Si 350 MeV/n,48,CC013,0.738082489,0.605,0.879884226
239CC,Si 350 MeV/n,48,CC037,0.776682344,0.77,1.195007236
247CC,Si 350 MeV/n,48,CC002,0.780531838,0.69,0.922937771
251CC,Si 350 MeV/n,48,CC011,0.675452243,0.55,0.740593343
253CC,Si 350 MeV/n,48,CC013,0.658856729,0.555,0.471780029
254CC,Si 350 MeV/n,48,CC011,0.740094067,0.63,0.170043415
255CC,Si 350 MeV/n,48,CC061,0.894844428,0.875,0.75723589
256CC,Si 350 MeV/n,48,CC061,0.654536903,0.65,0.893632417
257CC,Si 350 MeV/n,48,CC061,0.671193922,0.625,1.235166425
258CC,Si 350 MeV/n,48,CC040,0.573267004,0.465,0.59804631
260CC,Si 350 MeV/n,48,CC061,0.635560781,0.575,0.898335745
261CC,Si 350 MeV/n,48,CC042,0.478654124,0.415,0.643994211
263CC,Si 350 MeV/n,48,CC037,0.603509407,0.58,1.267004342
280CC,Si 350 MeV/n,48,CC051,0.507793054,0.455,0.625904486
882CC,Si 350 MeV/n,48,CC037,0.696468886,0.65,1.001447178
893CC,Si 350 MeV/n,48,CC061,0.754038833,0.605,1.275325615
894CC,Si 350 MeV/n,48,CC037,0.704811867,0.665,0.659913169
903CC,Si 350 MeV/n,48,CC032,1.626632899,1.66,1.69536903
906CC,Si 350 MeV/n,48,CC032,1.360709117,1.24,1.397250362
907CC,Si 350 MeV/n,48,CC002,0.689439219,0.655,1.601664255
915CC,Si 350 MeV/n,48,CC042,0.598078871,0.485,0.757959479
919CC,Si 350 MeV/n,48,CC019,0.694399421,0.615,0.760492041
921CC,Si 350 MeV/n,48,CC051,0.625441389,0.56,0.874819103
922CC,Si 350 MeV/n,48,CC051,0.713596237,0.685,1.193198263
923CC,Si 350 MeV/n,48,CC051,0.809598408,0.75,0.966353111
925CC,Si 350 MeV/n,48,CC019,0.55015919,0.43,0.364688857
927CC,Si 350 MeV/n,48,CC019,0.390213459,0.35,0.693560058
928CC,Si 350 MeV/n,48,CC019,0.362405933,0.265,0.579956585
934CC,Si 350 MeV/n,48,CC011,1.282036903,1.135,0.643632417
937CC,Si 350 MeV/n,48,CC011,0.83040521,0.775,0.655571635
938CC,Si 350 MeV/n,48,CC011,1.075424506,0.975,0.472503618
942CC,Si 350 MeV/n,48,CC013,0.663018572,0.585,0.892547033
946CC,Si 350 MeV/n,48,CC037,0.990137482,0.895,1.133140376
951CC,Si 350 MeV/n,48,CC040,0.54896768,0.535,0.044138929
954CC,Si 350 MeV/n,48,CC040,0.379732272,0.34,0.977568741
B6C3F1,Si 350 MeV/n,48,B6C3,0.594992764,0.54,1.256150507
B6C3F2,Si 350 MeV/n,48,B6C3,0.439966233,0.44,0.19536903
B6C3F3,Si 350 MeV/n,48,B6C3,0.453849493,0.45,0.227930535
B6C3M1,Si 350 MeV/n,48,B6C3,0.424482634,0.435,1.064761216
B6C3M2,Si 350 MeV/n,48,B6C3,0.540383502,0.53,0.424023155
B6C3M3,Si 350 MeV/n,48,B6C3,0.713443078,0.665,0.365050651
BALBCF,Si 350 MeV/n,48,BALBC,0.43366136,0.425,0.887843705
BALBCF1,Si 350 MeV/n,48,BALBC,1.021666667,1.145,0
BALBCF2,Si 350 MeV/n,48,BALBC,0.687496382,0.66,1.128075253
BALBCM1,Si 350 MeV/n,48,BALBC,0.709974674,0.66,0.146526773
BALBCM2,Si 350 MeV/n,48,BALBC,0.906666667,0.855,0
BALBCM3,Si 350 MeV/n,48,BALBC,0.620713941,0.53,0.726483357
C3HF1,Si 350 MeV/n,48,C3H,0.432134588,0.315,0.935600579
C3HF2,Si 350 MeV/n,48,C3H,0.502981187,0.455,0.965991317
C3HF3,Si 350 MeV/n,48,C3H,0.654880608,0.46,0.976483357
C3HM1,Si 350 MeV/n,48,C3H,0.463458755,0.435,1.060057887
C3HM2,Si 350 MeV/n,48,C3H,0.55681259,0.51,0.584298119
C57BLF1,Si 350 MeV/n,48,C57,0.784628558,0.69,0.649059334
C57BLF2,Si 350 MeV/n,48,C57,0.596389291,0.515,0.31910275
C57BLF3,Si 350 MeV/n,48,C57,0.780738061,0.77,0.372648336
C57BLM1,Si 350 MeV/n,48,C57,0.656935601,0.595,0.729739508
C57BLM2,Si 350 MeV/n,48,C57,0.476913893,0.44,1.498191027
C57BLM3,Si 350 MeV/n,48,C57,0.514909551,0.54,0.951881331
CBAF1,Si 350 MeV/n,48,CBA,0.65963097,0.515,1.063675832
CBAF2,Si 350 MeV/n,48,CBA,0.546827062,0.515,1.071997106
CBAF3,Si 350 MeV/n,48,CBA,0.685962373,0.59,0.931982634
CBAM1,Si 350 MeV/n,48,CBA,1.030189339,0.895,0.54739508
CBAM2,Si 350 MeV/n,48,CBA,0.689236614,0.54,0.773878437
CBAM3,Si 350 MeV/n,48,CBA,0.890582489,0.535,0.129884226
C3HM3,Si 350 MeV/n,48,C3H,0.605665702,0.44,0.934153401
208CC,X-ray,4,CC002,0.434368132,0.355,6.074450549
226CC,X-ray,4,CC013,0.38978022,0.28,1.832417582
233CC,X-ray,4,CC032,0.47521978,0.315,2.717582418
235CC,X-ray,4,CC013,0.288296703,0.225,3.063736264
236CC,X-ray,4,CC013,0.268296703,0.205,2.313736264
247CC,X-ray,4,CC002,0.417747253,0.215,3.06978022
251CC,X-ray,4,CC011,0.54532967,0.305,3.126373626
253CC,X-ray,4,CC013,0.37942623,0.3375,1.91489071
254CC,X-ray,4,CC011,0.501181319,0.405,2.669505495
255CC,X-ray,4,CC061,0.228104396,0.125,2.473351648
256CC,X-ray,4,CC061,0.330494505,0.105,2.48956044
257CC,X-ray,4,CC061,0.304587912,0.155,2.742032967
258CC,X-ray,4,CC040,0.190082418,0.175,1.531593407
260CC,X-ray,4,CC061,0.240494505,0.15,3.18956044
261CC,X-ray,4,CC042,0.306153846,0.275,1.992307692
263CC,X-ray,4,CC037,0.478846154,0.285,2.657692308
280CC,X-ray,4,CC051,0.233104396,0.22,1.573351648
882CC,X-ray,4,CC037,0.344752747,0.3,2.50521978
893CC,X-ray,4,CC061,0.366071429,0.215,2.510714286
894CC,X-ray,4,CC037,0.369377289,0.29,2.55018315
906CC,X-ray,4,CC032,0.508543956,0.4,2.108516484
907CC,X-ray,4,CC002,0.399945055,0.305,3.695604396
915CC,X-ray,4,CC042,0.480164835,0.27,2.713186813
919CC,X-ray,4,CC019,0.246510989,0.18,1.395879121
921CC,X-ray,4,CC051,0.255769231,0.235,2.261538462
922CC,X-ray,4,CC051,0.234038462,0.125,2.648076923
923CC,X-ray,4,CC051,0.373049451,0.4,1.468956044
925CC,X-ray,4,CC019,0.233626374,0.155,1.64010989
927CC,X-ray,4,CC019,0.186840659,0.105,1.722252747
928CC,X-ray,4,CC019,0.257445055,0.14,1.370604396
934CC,X-ray,4,CC011,0.365686813,0.27,2.129945055
937CC,X-ray,4,CC011,0.295769231,0.14,1.711538462
938CC,X-ray,4,CC011,0.410961538,0.205,2.251923077
942CC,X-ray,4,CC013,0.275989011,0.185,2.429120879
946CC,X-ray,4,CC037,0.355247253,0.22,2.89478022
951CC,X-ray,4,CC040,0.253516484,0.21,4.131318681
954CC,X-ray,4,CC040,0.309120879,0.23,2.52967033
B6C3F1,X-ray,4,B6C3,0.393681319,0.185,3.244505495
B6C3F2,X-ray,4,B6C3,0.371785714,0.195,3.267857143
B6C3F3,X-ray,4,B6C3,0.333351648,0.14,2.518131868
B6C3M1,X-ray,4,B6C3,0.47956044,0.17,2.664835165
B6C3M2,X-ray,4,B6C3,0.343763736,0.165,2.626098901
B6C3M3,X-ray,4,B6C3,0.349038462,0.105,2.598076923
BALBCF,X-ray,4,BALBC,0.306210818,0.2575,3.396660512
BALBCF1,X-ray,4,BALBC,0.239532967,0.175,2.887637363
BALBCF2,X-ray,4,BALBC,0.359120879,0.28,2.82967033
BALBCM1,X-ray,4,BALBC,0.223612637,0.1325,2.326510989
BALBCM2,X-ray,4,BALBC,0.304258242,0.26,2.515659341
C3HF1,X-ray,4,C3H,0.562225275,0.335,2.353021978
C3HF2,X-ray,4,C3H,0.278928571,0.205,5.439285714
C3HF3,X-ray,4,C3H,0.386868132,0.285,5.499450549
C3HM2,X-ray,4,C3H,0.409450549,0.27,3.056043956
C57BLF1,X-ray,4,C57,0.348681319,0.23,2.744505495
C57BLF2,X-ray,4,C57,0.307142857,0.185,2.671428571
C57BLF3,X-ray,4,C57,0.296043956,0.165,3.233516484
C57BLM1,X-ray,4,C57,0.256483516,0.165,3.218681319
C57BLM2,X-ray,4,C57,0.301483516,0.165,2.518681319
C57BLM3,X-ray,4,C57,0.385,0.295,2.35
CBAF1,X-ray,4,CBA,0.415521978,0.305,3.166758242
CBAF2,X-ray,4,CBA,0.450137363,0.305,3.785989011
CBAF3,X-ray,4,CBA,0.643818681,0.47,3.280494505
CBAM1,X-ray,4,CBA,0.615274725,0.415,4.321978022
CBAM2,X-ray,4,CBA,0.58989011,0.355,3.941208791
CBAM3,X-ray,4,CBA,0.442912088,0.345,3.882967033
C3HM3,X-ray,4,C3H,0.368571429,0.24,3.085714286
202CC,X-ray,4,CC002,0.421071429,0.315,3.210714286
213CC,X-ray,4,CC013,0.260686813,0.21,2.029945055
208CC,X-ray,24,CC002,0.720960029,1.355,0.257090174
226CC,X-ray,24,CC013,0.59073162,1.235,0.18570069
233CC,X-ray,24,CC032,0.42168808,0.66,0.256519153
235CC,X-ray,24,CC013,0.602720378,1.41,0.143944801
236CC,X-ray,24,CC013,0.512804247,1.26,0.237996669
247CC,X-ray,24,CC002,0.418608137,0.56,0.187366167
251CC,X-ray,24,CC011,0.570653105,0.965,0.171056388
253CC,X-ray,24,CC013,0.348993576,0.65,0.146377587
254CC,X-ray,24,CC011,0.609072091,1.08,0.202688556
255CC,X-ray,24,CC061,0.252094932,0.38,0.208160837
256CC,X-ray,24,CC061,0.249311206,0.405,0.182893172
257CC,X-ray,24,CC061,0.278461813,0.505,0.216892696
258CC,X-ray,24,CC040,0.326313348,0.755,0.064656198
260CC,X-ray,24,CC061,0.323715203,0.47,0.208850821
261CC,X-ray,24,CC042,0.429926838,0.895,0.114763264
263CC,X-ray,24,CC037,0.478172734,0.72,0.22888413
280CC,X-ray,24,CC051,0.273590293,0.32,0.17267428
882CC,X-ray,24,CC037,0.59452177,1.045,0.072924102
893CC,X-ray,24,CC061,0.659933084,1.58,0.249072091
894CC,X-ray,24,CC037,0.57378212,1.415,0.209778729
906CC,X-ray,24,CC032,0.489432548,0.73,0.132798001
907CC,X-ray,24,CC002,0.454703783,0.645,0.30611468
915CC,X-ray,24,CC042,0.356755889,0.715,0.295681656
919CC,X-ray,24,CC019,0.31633833,0.555,0.051891506
921CC,X-ray,24,CC051,0.307619557,0.47,0.173435641
922CC,X-ray,24,CC051,0.354600286,0.515,0.15423507
923CC,X-ray,24,CC051,0.376506067,0.41,0.089995241
925CC,X-ray,24,CC019,0.341987866,0.395,0.070009517
927CC,X-ray,24,CC019,0.191995004,0.3,0.059219605
928CC,X-ray,24,CC019,0.396341006,0.945,0.066595289
934CC,X-ray,24,CC011,0.298033547,0.335,0.147620747
937CC,X-ray,24,CC011,0.29971449,0.48,0.098263145
938CC,X-ray,24,CC011,0.345310493,0.54,0.155638829
942CC,X-ray,24,CC013,0.277226981,0.41,0.133547466
946CC,X-ray,24,CC037,0.480952891,0.58,0.301213419
951CC,X-ray,24,CC040,0.4498394,0.75,0.167773019
954CC,X-ray,24,CC040,0.566741613,1.215,0.233928147
B6C3F1,X-ray,24,B6C3,0.250178444,0.355,0.163585534
B6C3F2,X-ray,24,B6C3,0.25678444,0.38,0.269188675
B6C3F3,X-ray,24,B6C3,0.278222698,0.405,0.120021413
B6C3M1,X-ray,24,B6C3,0.275767309,0.46,0.18175113
B6C3M2,X-ray,24,B6C3,0.278297645,0.375,0.131727338
B6C3M3,X-ray,24,B6C3,0.257840828,0.37,0.13894837
BALBCF,X-ray,24,BALBC,0.418286938,0.755,0.272912206
BALBCF1,X-ray,24,BALBC,0.296488223,0.52,0.275303355
BALBCF2,X-ray,24,BALBC,0.055,0.055,0.038076923
BALBCM1,X-ray,24,BALBC,0.29579586,0.5325,0.221924816
BALBCM2,X-ray,24,BALBC,0.489271949,0.745,0.350571021
C3HF1,X-ray,24,C3H,0.712373305,1.275,0.237354271
C3HF2,X-ray,24,C3H,0.524771592,0.995,0.21194385
C3HF3,X-ray,24,C3H,0.588675946,1.22,0.243195337
C3HM2,X-ray,24,C3H,0.344239829,0.645,0.374125625
C57BLF1,X-ray,24,C57,0.360392577,0.64,0.206554842
C57BLF2,X-ray,24,C57,0.211381156,0.35,0.220485368
C57BLF3,X-ray,24,C57,0.291616702,0.55,0.264418273
C57BLM1,X-ray,24,C57,0.23723055,0.36,0.15315251
C57BLM2,X-ray,24,C57,0.258733048,0.465,0.140209374
C57BLM3,X-ray,24,C57,0.235745896,0.37,0.230787533
CBAF1,X-ray,24,CBA,0.895219486,2.205,0.28904354
CBAF2,X-ray,24,CBA,0.468615275,0.74,0.276576255
CBAF3,X-ray,24,CBA,0.659169343,1.35,0.286926005
CBAM1,X-ray,24,CBA,0.62824768,1.02,0.268367833
CBAM2,X-ray,24,CBA,0.49114561,0.705,0.376552463
CBAM3,X-ray,24,CBA,0.507491078,0.78,0.30098739
C3HM3,X-ray,24,C3H,0.652804247,1.54,0.271330002
202CC,X-ray,24,CC002,0.522719486,0.875,0.255710207
213CC,X-ray,24,CC013,0.28433262,0.515,0.150523436
208CC,X-ray,48,CC002,0.226327623,0.295,0.559743041
226CC,X-ray,48,CC013,0.156677373,0.265,0.331037354
233CC,X-ray,48,CC032,0.195963597,0.325,0.410028551
235CC,X-ray,48,CC013,0.055153462,0.125,0.326350226
236CC,X-ray,48,CC013,0.151516774,0.145,0.282143707
247CC,X-ray,48,CC002,0.245888651,0.325,0.264989293
251CC,X-ray,48,CC011,0.193990007,0.25,0.401772543
253CC,X-ray,48,CC013,0.074361171,0.1025,0.265697121
254CC,X-ray,48,CC011,0.264379015,0.335,0.505389008
255CC,X-ray,48,CC061,0.075838687,0.105,0.27385201
256CC,X-ray,48,CC061,0.07681656,0.125,0.295634071
257CC,X-ray,48,CC061,0.064161313,0.1,0.309481323
258CC,X-ray,48,CC040,0.067591006,0.07,0.166595289
260CC,X-ray,48,CC061,0.068401142,0.11,0.316940281
261CC,X-ray,48,CC042,0.095999286,0.115,0.2805734
263CC,X-ray,48,CC037,0.150324768,0.225,0.400725672
280CC,X-ray,48,CC051,0.098947181,0.145,0.249845349
882CC,X-ray,48,CC037,0.159785867,0.18,0.257030692
893CC,X-ray,48,CC061,0.068108494,0.195,0.42535094
894CC,X-ray,48,CC037,0.09856531,0.205,0.375624554
906CC,X-ray,48,CC032,0.268975732,0.22,0.256685701
907CC,X-ray,48,CC002,0.185770878,0.215,0.334689507
915CC,X-ray,48,CC042,0.098608137,0.21,0.437366167
919CC,X-ray,48,CC019,0.14137045,0.155,0.128336902
921CC,X-ray,48,CC051,0.137148465,0.135,0.235569831
922CC,X-ray,48,CC051,0.121923626,0.185,0.283785391
923CC,X-ray,48,CC051,0.215538901,0.29,0.127028313
925CC,X-ray,48,CC019,0.095588865,0.135,0.151498929
927CC,X-ray,48,CC019,0.067012848,0.1,0.140578158
928CC,X-ray,48,CC019,0.0656995,0.055,0.249678801
934CC,X-ray,48,CC011,0.170264097,0.195,0.250773257
937CC,X-ray,48,CC011,0.117997859,0.14,0.23490364
938CC,X-ray,48,CC011,0.175496074,0.17,0.258434452
942CC,X-ray,48,CC013,0.097212705,0.13,0.221793957
946CC,X-ray,48,CC037,0.294860814,0.32,0.25206995
951CC,X-ray,48,CC040,0.176745182,0.22,0.286866524
954CC,X-ray,48,CC040,0.130503212,0.24,0.34764454
B6C3F1,X-ray,48,B6C3,0.16140257,0.125,0.321448965
B6C3F2,X-ray,48,B6C3,0.106766595,0.135,0.304496788
B6C3F3,X-ray,48,B6C3,0.076795146,0.085,0.26133714
B6C3M1,X-ray,48,B6C3,0.162694504,0.195,0.368474899
B6C3M2,X-ray,48,B6C3,0.101365645,0.1,0.254701907
B6C3M3,X-ray,48,B6C3,0.174857245,0.245,0.265798239
BALBCF,X-ray,48,BALBC,0.133909707,0.115,0.360659053
BALBCF1,X-ray,48,BALBC,0.088847252,0.11,0.393635498
BALBCF2,X-ray,48,BALBC,0.17,0,0
BALBCM1,X-ray,48,BALBC,0.042225196,0.0875,0.352849155
BALBCM2,X-ray,48,BALBC,0.110806567,0.29,0.654413514
C3HF1,X-ray,48,C3H,0.049104211,0.19,0.581572686
C3HF2,X-ray,48,C3H,0.06665596,0.135,0.446740424
C3HF3,X-ray,48,C3H,0.146438258,0.225,0.400832739
C3HM2,X-ray,48,C3H,0.097244825,0.165,0.561741613
C57BLF1,X-ray,48,C57,0.080267666,0.12,0.361694028
C57BLF2,X-ray,48,C57,0.047587438,0.095,0.415203426
C57BLF3,X-ray,48,C57,0.071167024,0.13,0.360849393
C57BLM1,X-ray,48,C57,0.13066738,0.22,0.332809898
C57BLM2,X-ray,48,C57,0.132583869,0.17,0.227385201
C57BLM3,X-ray,48,C57,0.11627409,0.13,0.299000714
CBAF1,X-ray,48,CBA,0.094411135,0.185,0.564608613
CBAF2,X-ray,48,CBA,0.108704497,0.22,0.606554842
CBAF3,X-ray,48,CBA,0.152380443,0.34,0.559897692
CBAM1,X-ray,48,CBA,0.224867951,0.29,0.491280038
CBAM2,X-ray,48,CBA,0.162937188,0.22,0.601617892
CBAM3,X-ray,48,CBA,0.19958601,0.27,0.459148227
C3HM3,X-ray,48,C3H,0.055931478,0.15,0.483131097
202CC,X-ray,48,CC002,0.149407566,0.22,0.525874375
213CC,X-ray,48,CC013,0.057701642,0.135,0.29101832
